Date,Open Price,High Price,Low Price,Close Price,WAP,No.of Shares,No. of Trades,Total Turnover (Rs.),Deliverable Quantity,% Deli. Qty to Traded Qty,Spread High-Low,Spread Close-Open
14-May-2019,164.45,167.70,160.80,166.45,164.767984834138466889,497433,3640,81961033.00,58379,11.74,6.90,2.00
13-May-2019,165.00,167.45,162.95,164.45,165.669964311670842960,368748,2461,61090468.00,59980,16.27,4.50,-0.55
10-May-2019,169.90,172.50,166.05,166.75,169.089296440330932160,456166,2659,77132788.00,52173,11.44,6.45,-3.15
9-May-2019,168.10,170.75,166.55,168.00,168.479697858578044246,372276,2479,62720948.00,34147,9.17,4.20,-0.10
8-May-2019,169.70,170.15,165.80,169.00,167.992072170585019136,369458,3135,62066015.00,42805,11.59,4.35,-0.70
7-May-2019,175.75,176.40,168.50,169.70,172.170235965235760365,439302,2947,75634729.00,70307,16.00,7.90,-6.05
6-May-2019,174.45,177.30,172.75,173.75,175.117945129454913978,290101,1866,50801891.00,58015,20.00,4.55,-0.70
3-May-2019,172.05,178.95,172.00,177.90,176.772896553553682242,490041,3496,86625967.00,87100,17.77,6.95,5.85
2-May-2019,171.70,175.55,169.85,171.95,173.275320292276942232,488304,2785,84611032.00,56700,11.61,5.70,0.25
30-April-2019,174.40,174.40,167.15,172.85,170.719975429691858071,779803,3937,133127949.00,168080,21.55,7.25,-1.55
26-April-2019,176.00,177.25,173.00,174.25,174.636668055693108622,535147,2488,93456289.00,130380,24.36,4.25,-1.75
25-April-2019,175.50,178.60,173.00,173.90,175.198173132562095654,919388,4945,161075098.00,262691,28.57,5.60,-1.60
24-April-2019,172.00,177.00,171.20,176.20,173.936590555666270707,637271,4233,110844745.00,85569,13.43,5.80,4.20
23-April-2019,173.40,176.45,170.65,171.85,174.194868829508795422,755734,4361,131644985.00,88847,11.76,5.80,-1.55
22-April-2019,181.90,181.90,172.25,172.95,175.514198635199845736,933470,6910,163837239.00,226929,24.31,9.65,-8.95
18-April-2019,184.00,185.70,179.35,183.15,182.394166650061127918,853129,6192,155605753.00,238325,27.94,6.35,-0.85
16-April-2019,186.00,187.80,182.10,183.25,184.815092419874512463,884550,7904,163478190.00,210892,23.84,5.70,-2.75
15-April-2019,182.95,185.00,181.70,184.65,183.786002477789334905,603764,4598,110963372.00,148189,24.54,3.30,1.70
12-April-2019,177.90,183.60,177.60,181.80,181.591747639803239111,1434838,9973,260554740.00,412276,28.73,6.00,3.90
11-April-2019,180.60,182.25,175.50,177.60,178.222730785061389952,2060272,13889,367187302.00,359286,17.44,6.75,-3.00
10-April-2019,187.80,191.20,179.55,180.60,185.245036331435014004,1802296,11649,333866388.00,316312,17.55,11.65,-7.20
9-April-2019,186.00,188.90,183.50,187.55,186.457693259164327411,2328376,12689,434143618.00,240314,10.32,5.40,1.55
8-April-2019,201.80,202.70,183.60,184.65,191.024363312807186034,3540200,27687,676264451.00,1058201,29.89,19.10,-17.15
5-April-2019,201.00,204.60,199.40,201.50,202.376111762753853179,608718,4322,123189982.00,73677,12.10,5.20,0.50
4-April-2019,203.85,204.70,198.25,200.90,202.054426370467914056,665229,5614,134412464.00,98675,14.83,6.45,-2.95
3-April-2019,200.05,209.40,199.65,201.90,205.093128622456621294,1762616,12901,361500430.00,279157,15.84,9.75,1.85
2-April-2019,196.50,200.80,194.20,199.45,197.885073645121270909,1080927,8572,213899319.00,230380,21.31,6.60,2.95
1-April-2019,202.15,204.50,194.25,195.40,198.558124094332955537,982011,10264,194986262.00,228914,23.31,10.25,-6.75
29-March-2019,196.00,206.55,194.00,201.60,201.249663214600635393,1327997,7414,267258949.00,187864,14.15,12.55,5.60
28-March-2019,191.00,197.70,191.00,193.95,195.123920536237165644,551547,3836,107620013.00,74145,13.44,6.70,2.95
27-March-2019,197.05,199.10,189.25,190.50,193.277022371330996404,664690,4425,128469304.00,140395,21.12,9.85,-6.55
26-March-2019,191.35,205.00,189.00,196.60,200.327305411003533406,2265236,13457,453788624.00,180949,7.99,16.00,5.25
25-March-2019,195.00,195.00,188.15,189.40,190.889841350337411469,347054,2053,66249083.00,37005,10.66,6.85,-5.60
22-March-2019,199.80,202.60,195.55,196.25,199.291636687623978751,594860,4081,118550623.00,61390,10.32,7.05,-3.55
20-March-2019,197.80,200.90,195.65,199.30,198.693359571847577464,585399,3930,116314894.00,72458,12.38,5.25,1.50
19-March-2019,199.40,199.40,192.80,194.25,195.915940562519909307,426936,2760,83643568.00,47905,11.22,6.60,-5.15
18-March-2019,197.90,201.00,195.35,197.90,198.005661809011582494,448090,2621,88724357.00,34232,7.64,5.65,0.00
15-March-2019,202.00,203.50,195.90,197.55,200.120752606623630303,497099,3206,99479826.00,41528,8.35,7.60,-4.45
14-March-2019,192.95,203.00,189.90,201.35,198.392958956704795525,1267369,9599,251437086.00,130394,10.29,13.10,8.40
13-March-2019,189.00,194.90,189.00,192.35,192.407570646029191773,1094966,6845,210679748.00,103024,9.41,5.90,3.35
12-March-2019,179.00,187.95,177.50,187.15,185.393443305213141725,1129319,8705,209368338.00,175710,15.56,10.45,8.15
11-March-2019,175.05,178.30,175.05,176.60,176.953387999699428914,212928,1271,37678331.00,21719,10.20,3.25,1.55
8-March-2019,176.00,176.75,173.85,175.60,175.308943532254550496,201956,1344,35404693.00,21378,10.59,2.90,-0.40
7-March-2019,177.30,179.00,173.70,175.75,176.038226574109302876,278602,1673,49044602.00,17383,6.24,5.30,-1.55
6-March-2019,176.00,180.55,174.35,177.15,177.403620546437354480,488766,2603,86708858.00,35127,7.19,6.20,1.15
5-March-2019,167.25,176.55,167.25,175.25,172.507885255059940239,390222,2891,67316372.00,84916,21.76,9.30,8.00
1-March-2019,166.10,169.20,165.25,167.20,167.177897206258806518,271106,1432,45322931.00,35161,12.97,3.95,1.10
28-February-2019,163.00,166.10,161.80,164.60,163.721302413827876107,267749,1674,43836215.00,23827,8.90,4.30,1.60
27-February-2019,168.00,169.10,163.00,164.50,165.705087615287293796,327226,1887,54223013.00,25171,7.69,6.10,-3.50
26-February-2019,165.50,167.80,162.20,166.10,165.300533829332240454,380646,2345,62920987.00,46233,12.15,5.60,0.60
25-February-2019,174.00,174.00,167.30,168.15,169.461627031764071225,937978,5502,158951278.00,145565,15.52,6.70,-5.85
22-February-2019,164.00,170.50,164.00,169.30,168.039384028828471304,282221,2013,47424243.00,53497,18.96,6.50,5.30
21-February-2019,164.00,166.80,162.00,165.70,165.124252893512241156,368756,2144,60890559.00,51692,14.02,4.80,1.70
20-February-2019,165.00,167.00,158.95,163.10,162.432520488568024916,627057,4287,101854449.00,25425,4.05,8.05,-1.90
19-February-2019,157.80,166.75,157.80,163.55,163.413508041401894229,898413,5447,146812820.00,60190,6.70,8.95,5.75
18-February-2019,156.20,160.30,155.20,156.05,157.454967957843648294,228293,1466,35945867.00,29092,12.74,5.10,-0.15
15-February-2019,163.00,163.00,154.60,158.05,157.934770299477278533,289638,2038,45743911.00,30762,10.62,8.40,-4.95
14-February-2019,157.50,164.10,156.70,162.25,160.899430387080642308,327942,2127,52765681.00,54317,16.56,7.40,4.75
13-February-2019,159.35,161.80,157.05,158.10,158.855458013830147714,318724,1940,50631047.00,32967,10.34,4.75,-1.25
12-February-2019,166.80,166.80,157.95,159.25,160.459275935398833291,465069,2419,74624635.00,37801,8.13,8.85,-7.55
11-February-2019,167.00,167.00,161.05,163.70,163.582749286283788997,311048,2072,50882087.00,22598,7.27,5.95,-3.30
8-February-2019,158.00,168.90,157.80,164.60,163.824213454036828526,744966,4342,122043469.00,62831,8.43,11.10,6.60
7-February-2019,162.00,163.50,157.10,160.05,160.760503450861836631,682728,2640,109755697.00,314037,46.00,6.40,-1.95
6-February-2019,159.50,162.05,152.10,160.05,157.407872773871328119,608680,4411,95811024.00,33610,5.52,9.95,0.55
5-February-2019,163.00,165.20,154.80,159.85,160.122761282049731142,495987,2644,79418808.00,48683,9.82,10.40,-3.15
4-February-2019,166.80,166.80,158.40,163.25,162.064003007181747714,428308,2363,69413309.00,40536,9.46,8.40,-3.55
1-February-2019,165.95,180.70,162.75,165.75,170.998243416835843951,1491532,7707,255049352.00,59761,4.01,17.95,-0.20
31-January-2019,160.10,167.50,158.55,164.65,163.075558637283575278,337473,2725,55033598.00,19688,5.83,8.95,4.55
30-January-2019,166.95,166.95,160.20,164.35,162.302573492387552756,546145,2626,88640739.00,31175,5.71,6.75,-2.60
29-January-2019,163.55,168.00,161.90,164.95,164.776557289307917164,364335,2052,60033867.00,32862,9.02,6.10,1.40
28-January-2019,159.00,167.50,158.50,163.55,162.439201252292777874,900109,5585,146212987.00,64921,7.21,9.00,4.55
25-January-2019,179.60,180.10,144.70,157.05,161.667811994394898836,1993898,10023,322349127.00,183683,9.21,35.40,-22.55
24-January-2019,177.90,183.50,174.00,177.45,179.539025624776241013,243007,2045,43629240.00,23407,9.63,9.50,-0.45
23-January-2019,180.00,180.85,176.20,177.20,177.590792721848410735,437089,1784,77622982.00,18423,4.21,4.65,-2.80
22-January-2019,176.00,180.30,174.80,179.45,177.423819253351788078,364134,1534,64606045.00,26091,7.17,5.50,3.45
21-January-2019,180.30,182.15,176.00,177.25,178.833404750599325975,172694,1163,30883456.00,19218,11.13,6.15,-3.05
18-January-2019,184.90,184.90,178.00,180.30,180.875074215066531624,372229,1693,67326948.00,32272,8.67,6.90,-4.60
17-January-2019,184.40,185.80,181.60,184.10,183.871092361593013218,236332,1432,43454623.00,15644,6.62,4.20,-0.30
16-January-2019,186.95,187.70,182.60,182.95,184.523158421929142354,245591,1557,45317227.00,35289,14.37,5.10,-4.00
15-January-2019,181.05,187.00,181.05,185.75,184.443136800760459943,207243,1394,38224549.00,36743,17.73,5.95,4.70
14-January-2019,182.10,182.70,178.30,181.60,180.559823495370370370,235008,1158,42433003.00,18377,7.82,4.40,-0.50
11-January-2019,184.70,184.70,179.00,182.05,180.925410155557917862,282210,1637,51058960.00,13636,4.83,5.70,-2.65
10-January-2019,182.10,187.05,181.45,183.35,184.416502328023535043,647545,3679,119417984.00,34746,5.37,5.60,1.25
9-January-2019,182.10,184.70,178.10,182.00,181.822090122445044350,331904,2394,60347479.00,34547,10.41,6.60,-0.10
8-January-2019,180.40,182.75,178.75,181.50,181.238547795188442942,343340,2072,62226443.00,26248,7.64,4.00,1.10
7-January-2019,176.00,183.90,176.00,179.55,180.879021549213744903,772650,4068,139756176.00,88211,11.42,7.90,3.55
4-January-2019,173.55,176.35,170.95,175.15,173.808927660774931371,460815,2471,80093761.00,27911,6.06,5.40,1.60
3-January-2019,173.00,175.15,171.30,172.60,173.328552632144715286,465134,2517,80621003.00,39857,8.57,3.85,-0.40
2-January-2019,181.00,181.00,172.30,172.90,175.297164281112873781,560387,2754,98234252.00,141825,25.31,8.70,-8.10
1-January-2019,177.95,182.15,177.15,180.55,180.241997610696643220,365797,2197,65931982.00,35753,9.77,5.00,2.60
31-December-2018,178.00,179.75,176.40,177.50,177.835513489483343971,402647,1663,71604936.00,26611,6.61,3.35,-0.50
28-December-2018,176.50,180.65,176.50,177.75,178.541981502519957606,262306,1730,46832633.00,21532,8.21,4.15,1.25
27-December-2018,178.95,181.20,175.15,176.05,177.750695185620237694,484403,2454,86102970.00,94730,19.56,6.05,-2.90
26-December-2018,178.55,179.35,172.20,177.50,175.361400752553788083,594509,2947,104253931.00,28529,4.80,7.15,-1.05
24-December-2018,185.00,186.10,177.55,178.55,180.416226924931536760,439652,2699,79320355.00,47811,10.87,8.55,-6.45
21-December-2018,190.55,191.90,185.40,186.90,188.667146109589884010,520048,2672,98115972.00,29476,5.67,6.50,-3.65
20-December-2018,191.85,193.85,186.80,189.90,190.382674789509910397,643617,3466,122533526.00,31494,4.89,7.05,-1.95
19-December-2018,178.75,193.00,178.75,191.25,188.633570281221857387,1113747,5970,210090073.00,137068,12.31,14.25,12.50
18-December-2018,177.80,180.80,176.50,178.05,177.801716860619750450,259427,1242,46126566.00,23644,9.11,4.30,0.25
17-December-2018,178.00,180.10,175.00,178.20,177.462464615965276467,291445,1615,51720548.00,15345,5.27,5.10,0.20
14-December-2018,179.00,180.50,176.65,178.65,178.626350833775263685,254565,1355,45472017.00,17192,6.75,3.85,-0.35
13-December-2018,177.70,182.70,174.70,178.70,178.852833922149312798,756037,3959,135219360.00,33342,4.41,8.00,1.00
12-December-2018,172.65,181.25,171.05,179.30,178.234754071803465003,790129,3329,140828448.00,51450,6.51,10.20,6.65
11-December-2018,166.75,172.95,163.50,171.80,169.404936301604629258,347183,1745,58814514.00,21750,6.26,9.45,5.05
10-December-2018,165.00,169.70,164.40,166.75,166.659587694442838142,276688,1724,46112708.00,26214,9.47,5.30,1.75
7-December-2018,169.00,173.20,165.20,172.55,169.013716828496441185,555522,2594,93890838.00,43267,7.79,8.00,3.55
6-December-2018,175.50,175.50,165.75,167.55,168.445734185588307080,565402,3077,95239555.00,58312,10.31,9.75,-7.95
5-December-2018,173.00,177.80,171.90,176.55,174.691555485134880045,1022427,3858,178609363.00,19130,1.87,5.90,3.55
4-December-2018,179.00,180.40,172.15,173.70,177.533805322091073097,630241,2781,111889083.00,51474,8.17,8.25,-5.30
3-December-2018,178.05,182.00,176.35,180.70,179.169535674341157541,676831,2552,121267496.00,15808,2.34,5.65,2.65
30-November-2018,180.00,180.00,175.95,177.95,177.867343804054521552,361325,1667,64267918.00,12726,3.52,4.05,-2.05
29-November-2018,177.20,180.80,174.30,179.55,177.333793207956988568,633506,2473,112342022.00,35618,5.62,6.50,2.35
28-November-2018,178.10,179.00,172.65,176.05,175.355828717699533259,975489,2781,171057682.00,16908,1.73,6.35,-2.05
27-November-2018,178.00,183.20,176.30,178.10,180.330000036945403314,812009,3681,146429583.00,42907,5.28,6.90,0.10
26-November-2018,177.50,179.00,171.90,177.50,175.366294455346262779,301173,1906,52815593.00,19200,6.38,7.10,0.00
22-November-2018,183.25,183.25,176.00,177.15,179.095379499463219308,334401,2150,59889674.00,60237,18.01,7.25,-6.10
21-November-2018,174.35,183.20,173.90,182.35,180.104406867996641283,690740,4148,124405318.00,71319,10.33,9.30,8.00
20-November-2018,170.10,175.45,169.60,174.85,173.415446865724650549,473028,2736,82030362.00,77586,16.40,5.85,4.75
19-November-2018,169.55,175.90,168.35,172.65,173.327180470806698736,261721,1803,45363363.00,39093,14.94,7.55,3.10
16-November-2018,171.75,171.75,164.90,169.45,168.212099432071235283,325569,1909,54764645.00,21137,6.49,6.85,-2.30
15-November-2018,163.00,171.20,162.35,169.65,167.118380160430053336,380976,2434,63668092.00,56700,14.88,8.85,6.65
14-November-2018,173.05,173.45,162.00,162.90,165.979001197120351592,365878,2290,60728065.00,61251,16.74,11.45,-10.15
13-November-2018,170.00,173.00,167.85,171.90,170.115577232370516625,305908,1904,52039716.00,31972,10.45,5.15,1.90
12-November-2018,176.20,176.70,170.80,171.50,172.842894901612155451,209223,1378,36162709.00,29317,14.01,5.90,-4.70
9-November-2018,171.00,175.20,171.00,174.30,173.179816727951905679,256995,1470,44506347.00,29332,11.41,4.20,3.30
7-November-2018,174.90,174.90,172.45,173.15,173.131236376846694114,33032,325,5718871.00,11092,33.58,2.45,-1.75
6-November-2018,174.50,174.65,171.15,172.65,172.830659430230015307,201204,1269,34774220.00,17322,8.61,3.50,-1.85
5-November-2018,169.05,175.50,168.60,173.10,172.385205458789158635,503848,2706,86855941.00,29251,5.81,6.90,4.05
2-November-2018,178.50,180.00,168.35,169.80,173.445380355407717390,1006506,5802,174573816.00,115346,11.46,11.65,-8.70
1-November-2018,166.00,173.30,164.25,171.90,170.282036180869040531,623147,3769,106110740.00,35768,5.74,9.05,5.90
31-October-2018,163.00,165.50,157.95,164.85,161.979799118740147731,452307,2496,73264597.00,53841,11.90,7.55,1.85
30-October-2018,164.95,166.50,160.00,161.90,163.073434530750344706,479393,2596,78176263.00,31696,6.61,6.50,-3.05
29-October-2018,155.00,166.45,152.65,164.40,159.863044015584652109,614964,3484,98310017.00,61313,9.97,13.80,9.40
26-October-2018,156.75,156.75,150.35,153.70,153.700364095623124598,452903,2220,69611356.00,15550,3.43,6.40,-3.05
25-October-2018,152.10,157.10,151.05,155.35,153.635477443050553998,390434,7039,59984514.00,19356,4.96,6.05,3.25
24-October-2018,155.90,158.80,152.75,156.65,155.953953651701100218,447093,2531,69725921.00,37459,8.38,6.05,0.75
23-October-2018,151.50,154.90,149.65,153.05,152.083292736346107397,488542,2507,74299076.00,24524,5.02,5.25,1.55
22-October-2018,152.05,155.70,149.60,152.85,152.222511988826940623,625791,3324,95259478.00,49265,7.87,6.10,0.80
19-October-2018,142.70,154.35,141.20,152.80,150.889962820635588104,1441122,7601,217450845.00,118701,8.24,13.15,10.10
17-October-2018,160.50,162.20,143.05,144.45,150.696264255215652361,1184128,5410,178443666.00,158672,13.40,19.15,-16.05
16-October-2018,159.00,161.35,157.20,158.20,158.862528803126859587,381469,1931,60601130.00,37108,9.73,4.15,-0.80
15-October-2018,158.10,159.10,154.45,156.85,156.878299510209692409,334633,1784,52496656.00,21492,6.42,4.65,-1.25
12-October-2018,155.25,160.95,155.25,157.75,158.095890093703825506,431786,2281,68263592.00,27519,6.37,5.70,2.50
11-October-2018,152.00,160.50,152.00,153.50,155.736745434226960391,775827,4006,120824772.00,65448,8.44,8.50,1.50
10-October-2018,155.10,164.95,153.65,163.45,158.521753561905186937,717032,3916,113665170.00,70799,9.87,11.30,8.35
9-October-2018,154.00,155.60,152.05,153.25,153.819454319551275145,417717,2363,64253001.00,43331,10.37,3.55,-0.75
8-October-2018,148.00,156.50,146.20,152.30,151.344673518511443090,1308650,6163,198057207.00,156830,11.98,10.30,4.30
5-October-2018,155.90,163.80,145.40,149.05,155.619601073274671506,1013720,5194,157754702.00,168642,16.64,18.40,-6.85
4-October-2018,150.40,160.65,147.80,158.10,154.670093016570501632,1217525,6358,188314705.00,54379,4.47,12.85,7.70
3-October-2018,159.80,161.55,151.70,155.20,158.296368726272548033,1123435,6049,177835681.00,181596,16.16,9.85,-4.60
1-October-2018,160.00,162.65,148.10,158.70,155.501583215607044604,1560116,8991,242600508.00,60320,3.87,14.55,-1.30
28-September-2018,172.65,174.50,159.90,162.55,165.213054905481835716,826402,4912,136532399.00,57909,7.01,14.60,-10.10
27-September-2018,182.20,182.20,171.15,172.65,175.094738132065035588,603854,4159,105731658.00,63191,10.46,11.05,-9.55
26-September-2018,179.80,184.45,176.45,182.30,180.867126385701327716,657068,4429,118842001.00,21533,3.28,8.00,2.50
25-September-2018,185.00,187.25,166.10,177.65,175.842949688971439735,1412732,7966,248418962.00,85661,6.06,21.15,-7.35
24-September-2018,201.00,201.00,182.40,184.80,187.310308524002138867,781722,4857,146424589.00,62494,7.99,18.60,-16.20
21-September-2018,201.80,205.15,184.95,198.75,196.187101266563035072,735297,4182,144255787.00,50979,6.93,20.20,-3.05
19-September-2018,201.50,205.65,198.60,201.30,202.037132309388364935,413629,2462,83568417.00,28488,6.89,7.05,-0.20
18-September-2018,212.00,214.05,201.85,202.85,207.227810767856154472,505876,2817,104831576.00,54308,10.74,12.20,-9.15
17-September-2018,208.20,213.80,206.20,213.00,211.373045816933616503,625773,3282,132271545.00,58585,9.36,7.60,4.80
14-September-2018,202.50,210.40,202.50,209.20,207.749898920099095059,544124,2846,113041706.00,110992,20.40,7.90,6.70
12-September-2018,199.40,203.45,193.70,202.45,198.881672525676805301,529953,2865,105397939.00,36512,6.89,9.75,3.05
11-September-2018,206.55,206.90,197.60,198.95,201.915652154975281486,321419,1840,64899527.00,36103,11.23,9.30,-7.60
10-September-2018,206.05,209.55,203.10,204.75,205.911627675129602552,300920,1959,61962927.00,31729,10.54,6.45,-1.30
7-September-2018,206.00,209.65,201.85,208.45,207.006887026977258079,651660,2288,134898108.00,258972,39.74,7.80,2.45
6-September-2018,204.05,206.90,201.45,204.45,204.414616050451341659,363915,2375,74389545.00,37035,10.18,5.45,0.40
5-September-2018,201.50,203.85,196.40,202.45,200.011988795175751611,654361,3573,130880045.00,74327,11.36,7.45,0.95
4-September-2018,210.00,212.65,198.80,201.80,205.282558117918923054,699311,4219,143556351.00,91185,13.04,13.85,-8.20
3-September-2018,212.50,216.65,210.25,212.45,213.986806656044192573,692243,4889,148130869.00,96714,13.97,6.40,-0.05
31-August-2018,220.10,222.25,217.40,220.45,219.984236662264805127,527807,3258,116109220.00,51236,9.71,4.85,0.35
30-August-2018,218.50,223.40,215.00,221.30,219.309219432505389395,743126,4803,162974383.00,80870,10.88,8.40,2.80
29-August-2018,213.20,221.25,212.35,217.50,217.685363587819204576,683535,4016,148795565.00,81486,11.92,8.90,4.30
28-August-2018,214.15,216.25,210.75,213.30,213.234320189555903405,442719,2228,94402885.00,20071,4.53,5.50,-0.85
27-August-2018,213.30,218.10,212.00,213.45,215.003969506666218893,446655,3015,96032598.00,44870,10.05,6.10,0.15
24-August-2018,212.50,215.70,210.30,212.70,213.226422036218436017,369646,2123,78818294.00,34547,9.35,5.40,0.20
23-August-2018,209.00,214.20,206.15,211.75,210.880706635475226598,575799,3581,121424900.00,52391,9.10,8.05,2.75
21-August-2018,213.00,215.45,207.45,208.55,209.439990598142111125,489265,3625,102471657.00,57107,11.67,8.00,-4.45
20-August-2018,213.00,216.50,212.50,214.80,214.807201858029021725,651443,5047,139934648.00,72653,11.15,4.00,1.80
17-August-2018,209.00,211.70,207.00,210.10,210.027902654445521119,503608,3397,105771732.00,42628,8.46,4.70,1.10
16-August-2018,201.75,208.80,198.65,206.85,204.263165827508106434,736452,4770,150430017.00,62247,8.45,10.15,5.10
14-August-2018,195.00,204.60,194.55,202.90,202.098266530731571222,673851,4692,136184119.00,78624,11.67,10.05,7.90
13-August-2018,196.45,197.80,191.45,194.50,194.335705522009084884,457243,2977,88858641.00,27078,5.92,6.35,-1.95
10-August-2018,202.00,203.35,194.80,196.60,198.051142766285336877,613205,4160,121445951.00,81686,13.32,8.55,-5.40
9-August-2018,190.90,203.20,189.00,200.65,197.746045221686469552,790373,5062,156293135.00,117695,14.89,14.20,9.75
8-August-2018,187.70,191.40,185.95,189.00,188.669941674648211275,291297,2629,54958988.00,46615,16.00,5.45,1.30
7-August-2018,190.20,190.80,184.20,186.75,187.041868548957564786,262942,1604,49181163.00,28220,10.73,6.60,-3.45
6-August-2018,189.15,194.00,188.00,189.25,190.009207605079277228,317998,1978,60422548.00,40489,12.73,6.00,0.10
3-August-2018,188.05,193.50,187.65,188.90,190.324438969138225910,443202,2631,84352172.00,33072,7.46,5.85,0.85
2-August-2018,191.90,191.90,186.65,188.05,188.680343144167044592,262397,1786,49509156.00,38857,14.81,5.25,-3.85
1-August-2018,197.90,197.90,189.55,193.05,192.575018509058749665,444377,2405,85575909.00,101436,22.83,8.35,-4.85
31-July-2018,188.70,198.40,188.70,196.15,196.127323138010599990,754529,5359,147983753.00,97019,12.86,9.70,7.45
30-July-2018,191.00,191.20,186.30,188.70,188.584154435187075145,161673,1146,30488966.00,15470,9.57,4.90,-2.30
27-July-2018,191.00,194.40,188.50,190.05,191.237876234994853505,305062,2082,58339409.00,59896,19.63,5.90,-0.95
26-July-2018,184.00,191.40,182.00,189.85,187.246091970624506982,450035,2632,84267295.00,83568,18.57,9.40,5.85
25-July-2018,189.80,189.80,182.40,183.70,186.339643553434694807,572933,2716,106760131.00,36550,6.38,7.40,-6.10
24-July-2018,179.00,190.15,177.80,188.50,185.479270416173144369,607031,4008,112591667.00,77517,12.77,12.35,9.50
23-July-2018,170.50,178.35,170.50,177.20,175.145516357353842724,430632,3123,75423264.00,71225,16.54,7.85,6.70
20-July-2018,170.10,172.35,168.00,170.75,170.611029003280819261,286209,1539,48830412.00,79262,27.69,4.35,0.65
19-July-2018,172.00,175.40,168.20,170.10,171.224943537309940775,628291,3550,107579091.00,115613,18.40,7.20,-1.90
18-July-2018,181.15,181.55,170.10,170.75,173.716698673959424731,394181,4053,68475822.00,97186,24.66,11.45,-10.40
17-July-2018,177.00,181.80,176.40,179.60,179.705621567031132454,485185,2911,87190472.00,182139,37.54,5.40,2.60
16-July-2018,187.90,188.60,177.15,178.15,181.486133317336157182,383401,4172,69581965.00,50673,13.22,11.45,-9.75
13-July-2018,189.55,190.25,184.70,187.85,187.215107627049132304,341364,3013,63908498.00,109658,32.12,5.55,-1.70
12-July-2018,192.90,194.50,187.35,189.55,190.419357044651276624,277842,2384,52906495.00,47961,17.26,7.15,-3.35
11-July-2018,194.40,194.75,190.45,192.00,192.513393957316772635,324624,1870,62494468.00,42265,13.02,4.30,-2.40
10-July-2018,190.00,196.10,189.50,194.40,193.924887715201908714,392306,3568,76077897.00,61982,15.80,6.60,4.40
9-July-2018,187.00,189.20,185.40,187.50,187.463129054639190920,197459,1656,37016282.00,33701,17.07,3.80,0.50
6-July-2018,181.30,189.70,181.10,186.75,186.346635503231763619,346560,2614,64580290.00,52485,15.14,8.60,5.45
5-July-2018,186.40,186.40,180.65,181.25,182.589353808433074168,309970,2354,56597222.00,47273,15.25,5.75,-5.15
4-July-2018,186.00,187.00,183.65,185.65,185.385374560492870296,353521,2025,65537623.00,48283,13.66,3.35,-0.35
3-July-2018,184.50,187.60,182.40,186.15,185.549030560817368455,320443,1944,59457888.00,21671,6.76,5.20,1.65
2-July-2018,187.00,189.95,179.40,184.35,182.839344282830222949,478987,2700,87577669.00,41683,8.70,10.55,-2.65
29-June-2018,184.00,190.80,184.00,188.65,188.418914768678902238,488412,2260,92026059.00,29542,6.05,6.80,4.65
28-June-2018,190.50,190.50,183.00,185.20,186.680269737592233642,306965,2034,57304309.00,32620,10.63,7.50,-5.30
27-June-2018,195.90,197.20,189.95,192.25,192.709831067061986179,332558,2435,64087196.00,59829,17.99,7.25,-3.65
26-June-2018,195.00,199.10,194.80,195.80,196.441995643005628199,200597,1443,39405675.00,23649,11.79,4.30,0.80
25-June-2018,201.00,203.15,195.60,196.60,199.107971753690919586,379377,1894,75536985.00,38085,10.04,7.55,-4.40
22-June-2018,200.00,201.05,197.05,200.55,199.167738690716499818,292282,1483,58213145.00,17393,5.95,4.00,0.55
21-June-2018,201.50,201.80,197.00,199.00,199.814863755943330195,331464,1671,66231434.00,33333,10.06,4.80,-2.50
20-June-2018,196.80,201.90,196.70,200.65,199.208707439365671641,274432,1685,54669244.00,29454,10.73,5.20,3.85
19-June-2018,200.20,200.55,193.25,195.65,196.254309759029846845,286965,1839,56318118.00,31106,10.84,7.30,-4.55
18-June-2018,200.15,201.40,197.50,199.75,199.627825416525630899,212712,1456,42463234.00,22563,10.61,3.90,-0.40
15-June-2018,205.35,207.15,197.60,199.75,201.352533508286399401,432878,2426,87161082.00,97805,22.59,9.55,-5.60
14-June-2018,203.65,208.40,203.65,205.70,206.244608198374188669,253904,2104,52366331.00,37214,14.66,4.75,2.05
13-June-2018,205.90,206.50,202.90,205.00,204.696132136880682679,336439,2822,68867762.00,66649,19.81,3.60,-0.90
12-June-2018,202.45,206.10,200.85,205.25,203.669878760447366693,289427,3001,58947562.00,45453,15.70,5.25,2.80
11-June-2018,206.00,207.45,201.50,202.45,204.626424207157404713,343700,2416,70330102.00,61742,17.96,5.95,-3.55
8-June-2018,202.15,207.35,200.45,205.60,203.657504909464829676,388026,1873,79024407.00,34854,8.98,6.90,3.45
7-June-2018,201.00,205.60,201.00,203.00,203.505806551477274925,258415,1564,52588953.00,28754,11.13,4.60,2.00
6-June-2018,197.15,203.30,196.50,200.55,199.831834409174060553,496356,2643,99187730.00,25080,5.05,6.80,3.40
5-June-2018,197.10,201.00,195.15,199.30,197.901881229598729268,446357,2456,88334890.00,43111,9.66,5.85,2.20
4-June-2018,207.00,208.40,198.50,199.10,202.470467711970045037,418762,2538,84786938.00,46396,11.08,9.90,-7.90
1-June-2018,209.55,210.95,205.65,206.95,208.194534621067797671,271381,2517,56500041.00,32310,11.91,5.30,-2.60
31-May-2018,208.30,211.30,205.15,209.55,208.704970106004474929,408945,2595,85348854.00,40904,10.00,6.15,1.25
30-May-2018,203.05,209.00,201.00,208.30,206.516812107597488623,277776,1862,57365414.00,27303,9.83,8.00,5.25
29-May-2018,205.50,210.00,203.75,205.50,206.179050601516790476,334654,2321,68998644.00,34705,10.37,6.25,0.00
28-May-2018,204.15,209.15,202.80,206.50,205.896082389443385294,267510,2042,55079261.00,42766,15.99,6.35,2.35
25-May-2018,196.05,205.35,196.05,202.45,201.327752986276412889,368854,2708,74260547.00,51228,13.89,9.30,6.40
24-May-2018,197.00,198.00,192.60,195.90,195.199965569298408242,377570,2111,73701651.00,56811,15.05,5.40,-1.10
23-May-2018,197.15,202.75,194.80,195.80,197.535395253290929303,555922,3371,109814272.00,53544,9.63,7.95,-1.35
22-May-2018,194.00,200.00,183.30,198.75,192.706173342098820785,1817735,10099,350288756.00,123557,6.80,16.70,4.75
21-May-2018,197.25,199.20,192.25,193.90,194.947911820198869813,427717,2968,83382536.00,50278,11.75,6.95,-3.35
18-May-2018,206.00,207.00,195.00,197.25,201.853268647801931550,354948,2309,71647414.00,84910,23.92,12.00,-8.75
17-May-2018,207.00,208.10,201.90,205.65,204.624644579678708637,348531,2158,71318032.00,36493,10.47,6.20,-1.35
16-May-2018,203.30,208.50,202.35,205.75,205.918905024505833230,462951,2926,95330363.00,28673,6.19,6.15,2.45
15-May-2018,207.00,213.50,200.55,203.30,207.171662813964326372,431299,2634,89352931.00,54167,12.56,12.95,-3.70
14-May-2018,212.10,214.90,205.20,206.95,208.926538072876419188,336460,2190,70295423.00,41313,12.28,9.70,-5.15
11-May-2018,213.50,217.40,211.50,213.65,214.603609012524807791,179883,1307,38603541.00,25711,14.29,5.90,0.15
10-May-2018,223.00,223.05,211.60,212.85,216.384786652886460947,338650,1982,73278708.00,55068,16.26,11.45,-10.15
9-May-2018,222.40,223.70,220.00,221.20,221.853592652620205294,244332,1526,54205932.00,22704,9.29,3.70,-1.20
8-May-2018,217.60,224.10,214.45,222.40,220.316587631979624307,642334,3391,141516835.00,52825,8.22,9.65,4.80
7-May-2018,213.80,217.20,212.25,215.70,215.142400588174902550,301951,1538,64962463.00,29659,9.82,4.95,1.90
4-May-2018,214.00,216.15,209.75,211.10,212.885464593793218496,371658,1906,79120586.00,68319,18.38,6.40,-2.90
3-May-2018,211.05,214.70,208.30,213.65,212.648764624257689449,304118,2008,64670317.00,32948,10.83,6.40,2.60
2-May-2018,222.50,223.75,213.45,215.50,218.996869269356033286,309193,2083,67712299.00,36533,11.82,10.30,-7.00
30-April-2018,226.00,226.00,220.95,222.85,222.717182166356542747,461106,3367,102696229.00,113645,24.65,5.05,-3.15
27-April-2018,217.15,226.00,217.15,222.00,223.102254409184189394,336230,2180,75013671.00,43606,12.97,8.85,4.85
26-April-2018,220.30,223.10,212.80,218.15,220.082705278273356250,459620,2864,101154413.00,54172,11.79,10.30,-2.15
25-April-2018,215.00,224.05,213.60,218.90,219.475798751608859875,950984,5281,208717973.00,165109,17.36,10.45,3.90
24-April-2018,210.15,216.70,210.15,215.20,214.299259626982310941,257843,1874,55255564.00,56683,21.98,6.55,5.05
23-April-2018,209.50,214.40,209.45,211.75,212.069483956174539771,309683,1943,65674314.00,32329,10.44,4.95,2.25
20-April-2018,214.00,214.45,209.00,210.85,211.136767851775895903,339378,2081,71655174.00,32242,9.50,5.45,-3.15
19-April-2018,214.00,216.20,212.70,214.85,214.671866069727567155,209960,1970,45072505.00,34320,16.35,3.50,0.85
18-April-2018,218.00,219.00,211.20,212.15,214.864549778311316828,415673,3319,89313392.00,58758,14.14,7.80,-5.85
17-April-2018,215.50,217.65,211.35,216.70,215.601963852971288517,580186,3265,125089241.00,61545,10.61,6.30,1.20
16-April-2018,208.00,214.80,207.10,213.95,212.345899519394210066,300038,2127,63711839.00,41431,13.81,7.70,5.95
13-April-2018,211.00,212.35,206.00,209.90,209.900393890072470480,226713,1675,47587148.00,23373,10.31,6.35,-1.10
12-April-2018,213.05,215.10,207.00,209.05,211.274525566796945154,233858,1694,49408238.00,42182,18.04,8.10,-4.00
11-April-2018,213.50,215.70,211.25,213.35,213.401843261658274943,605557,4360,129226980.00,97790,16.15,4.45,-0.15
10-April-2018,206.50,213.45,206.15,212.75,209.669445229176373902,545126,4358,114296266.00,88913,16.31,7.30,6.25
9-April-2018,203.00,207.90,203.00,206.05,206.076802683960446898,373776,3057,77026563.00,47333,12.66,4.90,3.05
6-April-2018,205.00,206.35,202.10,204.40,203.942281455280444669,316640,1999,64576284.00,36838,11.63,4.25,-0.60
5-April-2018,203.30,207.15,202.45,206.30,204.827034569788746920,412065,2776,84402052.00,77919,18.91,4.70,3.00
4-April-2018,204.90,208.15,198.00,198.55,203.376025373665531293,699623,3968,142286545.00,209854,30.00,10.15,-6.35
3-April-2018,200.50,205.10,199.10,203.40,202.619392242875268119,527283,3046,106837761.00,169424,32.13,6.00,2.90
2-April-2018,205.00,205.10,197.60,200.90,200.482970095647584351,388405,2762,77868588.00,118464,30.50,7.50,-4.10
28-March-2018,205.00,207.65,201.00,201.55,203.909022734182346383,296030,2137,60363188.00,46753,15.79,6.65,-3.45
27-March-2018,210.20,211.55,205.55,207.10,208.134285692330154534,260266,1770,54170278.00,45598,17.52,6.00,-3.10
26-March-2018,203.70,215.00,198.70,209.65,204.873699283092121701,520290,3205,106593737.00,84277,16.20,16.30,5.95
23-March-2018,209.70,209.70,200.90,203.15,205.089386449955317247,429696,2658,88126089.00,68150,15.86,8.80,-6.55
22-March-2018,216.00,217.40,212.10,213.20,214.937681602060357921,242288,1482,52076821.00,46175,19.06,5.30,-2.80
21-March-2018,218.00,221.00,214.80,215.95,216.575283479259365580,243845,1688,52810800.00,58246,23.89,6.20,-2.05
20-March-2018,212.00,217.50,210.00,215.45,215.384808372664036412,392611,2085,84562445.00,33720,8.59,7.50,3.45
19-March-2018,226.00,227.00,212.30,214.20,218.440777786436285781,757123,2573,165386537.00,311924,41.20,14.70,-11.80
16-March-2018,225.60,229.65,224.70,226.20,226.753704974537669369,450273,2194,102101071.00,114423,25.41,4.95,0.60
15-March-2018,219.00,226.90,219.00,225.60,224.358650119901650291,395324,2420,88694359.00,46161,11.68,7.90,6.60
14-March-2018,218.00,222.05,217.80,220.80,219.874616731974214052,276895,1723,60882182.00,46282,16.71,4.25,2.80
13-March-2018,215.00,223.10,214.00,219.95,219.371977329974811083,349360,2078,76639794.00,30822,8.82,9.10,4.95
12-March-2018,213.00,218.00,210.20,217.35,214.800599506668191830,340947,1976,73235620.00,55437,16.26,7.80,4.35
9-March-2018,218.55,220.05,210.00,211.40,214.408350579413395400,364334,1933,78116252.00,130967,35.95,10.05,-7.15
8-March-2018,214.25,219.75,210.00,218.45,215.339175749642135346,400291,2378,86198334.00,33739,8.43,9.75,4.20
7-March-2018,215.00,217.75,212.20,215.15,215.061518634540958724,515226,2676,110805286.00,57218,11.11,5.55,0.15
6-March-2018,223.60,226.55,214.05,216.75,222.666308188033628839,489104,2739,108906982.00,108707,22.23,12.50,-6.85
5-March-2018,223.30,223.80,219.60,222.75,222.150486225047853431,234048,1622,51993877.00,37698,16.11,4.20,-0.55
1-March-2018,224.30,227.90,223.20,224.20,225.041524359579542334,324123,1949,72941134.00,50884,15.70,4.70,-0.10
28-February-2018,221.00,227.50,219.50,226.35,225.316270667694538090,434555,2673,97912312.00,64450,14.83,8.00,5.35
27-February-2018,228.05,229.00,221.15,222.35,225.001724923390817800,256823,1629,57785618.00,43456,16.92,7.85,-5.70
26-February-2018,226.55,230.20,225.70,228.15,228.082616082806107621,357848,2554,81618908.00,34698,9.70,4.50,1.60
23-February-2018,220.00,225.65,220.00,225.00,223.413085507975533890,316029,2086,70605014.00,41940,13.27,5.65,5.00
22-February-2018,218.30,222.00,218.20,220.30,220.353776500221564008,343016,2160,75584871.00,70990,20.70,3.80,2.00
21-February-2018,226.90,227.10,218.55,220.90,221.707016308095626339,540897,3236,119920660.00,81013,14.98,8.55,-6.00
20-February-2018,222.00,227.40,221.40,224.65,224.759179407468946388,373145,2086,83867764.00,58518,15.68,6.00,2.65
19-February-2018,223.05,225.35,218.45,223.50,222.254468006114009692,506378,2818,112544773.00,28385,5.61,6.90,0.45
16-February-2018,232.90,234.10,224.05,225.20,228.680236110848625731,476217,2663,108901416.00,79009,16.59,10.05,-7.70
15-February-2018,233.10,235.20,228.05,231.20,232.275560817683667107,365716,2200,84946889.00,41189,11.26,7.15,-1.90
14-February-2018,239.00,239.00,229.75,230.90,234.793249820653625048,621702,3212,145971433.00,98072,15.77,9.25,-8.10
12-February-2018,229.20,237.40,229.20,233.70,233.968091471116133749,526505,3296,123185370.00,64916,12.33,8.20,4.50
9-February-2018,225.10,232.00,220.00,228.95,228.478715534911399100,483968,3091,110576387.00,33590,6.94,12.00,3.85
8-February-2018,225.50,233.60,225.50,229.30,230.043274131384411601,560173,3250,128864031.00,47462,8.47,8.10,3.80
7-February-2018,228.80,232.00,223.15,225.20,228.730949961706165765,655458,3436,149923531.00,49306,7.52,8.85,-3.60
6-February-2018,216.00,230.00,210.95,224.90,219.670280552924597463,999847,5933,219636671.00,131659,13.17,19.05,8.90
5-February-2018,219.00,231.35,205.15,228.00,224.990753630800623784,860554,4780,193616693.00,59767,6.95,26.20,9.00
2-February-2018,240.70,242.25,204.95,223.15,223.253587901935849775,1354134,8224,302315274.00,140654,10.39,37.30,-17.55
1-February-2018,251.00,265.00,237.25,244.75,246.207257697161589987,1071304,6058,263762820.00,85680,8.00,27.75,-6.25
31-January-2018,251.25,257.50,247.70,250.20,252.119334376169592046,625218,3352,157629546.00,87086,13.93,9.80,-1.05
30-January-2018,253.50,256.30,251.65,254.10,253.601173954713845596,2548991,2120,646427110.00,2140241,83.96,4.65,0.60
29-January-2018,253.50,260.25,250.80,254.20,255.173023006555006294,507551,3132,129513323.00,36911,7.27,9.45,0.70
25-January-2018,258.50,261.25,252.45,253.40,256.267744619373480299,465141,2629,119200635.00,49856,10.72,8.80,-5.10
24-January-2018,259.30,265.50,255.30,258.95,261.095285339017440794,692457,4422,180797258.00,85520,12.35,10.20,-0.35
23-January-2018,251.55,262.05,250.70,259.50,255.543477931995145004,859321,4419,219593877.00,97864,11.39,11.35,7.95
22-January-2018,250.00,253.30,245.70,251.55,248.782585213176075422,523980,2726,130357099.00,56296,10.74,7.60,1.55
19-January-2018,249.85,252.50,245.55,249.30,249.096202265289981787,551276,3090,137320758.00,62019,11.25,6.95,-0.55
18-January-2018,262.50,264.90,246.10,250.15,253.692048483253116203,668602,4080,169619011.00,123468,18.47,18.80,-12.35
17-January-2018,256.15,264.00,249.85,262.40,257.546519407875837041,539549,3713,138958967.00,77856,14.43,14.15,6.25
16-January-2018,267.10,268.20,256.00,257.30,261.109656195911331076,575444,3521,150253985.00,63630,11.06,12.20,-9.80
15-January-2018,268.20,271.40,265.85,267.10,268.446438690123212756,303540,2035,81484232.00,56283,18.54,5.55,-1.10
12-January-2018,271.85,271.85,262.50,268.20,268.450810155622326765,430658,2842,115610489.00,73542,17.08,9.35,-3.65
11-January-2018,271.00,273.95,267.45,270.55,271.478531891854531212,694472,4154,188534239.00,99695,14.36,6.50,-0.45
10-January-2018,270.50,272.20,265.75,269.20,269.827801868436543706,1112695,5860,300236046.00,91402,8.21,6.45,-1.30
9-January-2018,260.00,271.70,258.25,269.90,265.924387602321956727,1303728,7367,346693070.00,253986,19.48,13.45,9.90
8-January-2018,260.00,262.65,258.45,260.30,260.967407340567123102,443290,2288,115684242.00,88156,19.89,4.20,0.30
5-January-2018,258.20,265.00,258.10,259.85,261.252002112255770426,640074,3697,167220614.00,115778,18.09,6.90,1.65
4-January-2018,259.95,260.00,255.80,257.65,257.287182336260020723,293392,1745,75486001.00,24585,8.38,4.20,-2.30
3-January-2018,254.10,261.80,254.10,258.20,258.773652725926879505,497152,3078,128649839.00,53623,10.79,7.70,4.10
2-January-2018,258.00,259.20,251.30,254.00,255.072772593309851710,472994,2868,120647891.00,50213,10.62,7.90,-4.00
1-January-2018,260.00,262.35,255.45,256.70,259.326170132395234420,431511,2887,111902095.00,44822,10.39,6.90,-3.30
29-December-2017,265.05,266.10,257.00,259.35,261.208190964083480334,1241490,7282,324287357.00,197161,15.88,9.10,-5.70
28-December-2017,248.60,266.85,248.00,263.80,258.538046288755169332,1264670,7434,326965311.00,263287,20.82,18.85,15.20
27-December-2017,253.90,256.10,240.40,248.20,250.904409915432739161,1017888,4215,255392588.00,102264,10.05,15.70,-5.70
26-December-2017,246.00,255.90,245.10,253.95,252.178692003259151192,1582007,7813,398948456.00,287989,18.20,10.80,7.95
22-December-2017,245.00,247.40,243.70,245.15,245.538232774799572678,623418,3507,153072954.00,78877,12.65,3.70,0.15
21-December-2017,245.15,247.80,242.85,243.50,244.622410446444326804,595035,3623,145558896.00,59741,10.04,4.95,-1.65
20-December-2017,233.90,248.90,233.10,245.15,243.052174349980245071,1452802,9034,353106685.00,148861,10.25,15.80,11.25
19-December-2017,232.00,234.90,230.70,234.10,232.750563364401086868,629699,1800,146562797.00,42214,6.70,4.20,2.10
18-December-2017,229.90,235.90,220.90,231.80,229.780817889580228431,897774,4719,206291244.00,59965,6.68,15.00,1.90
15-December-2017,230.00,233.95,230.00,231.85,231.959847086838222252,264987,1505,61466344.00,65059,24.55,3.95,1.85
14-December-2017,229.00,230.50,223.00,227.65,226.724278882840718319,393140,2799,89134383.00,44358,11.28,7.50,-1.35
13-December-2017,234.00,236.20,226.00,227.75,231.780097596753143697,648997,3318,150424588.00,48117,7.41,10.20,-6.25
12-December-2017,239.55,239.55,232.60,233.90,235.986734564485636556,346992,2032,81885509.00,48569,14.00,6.95,-5.65
11-December-2017,239.80,242.20,237.50,239.55,239.839930700362868178,513134,2945,123070023.00,45312,8.83,4.70,-0.25
8-December-2017,239.50,241.70,237.70,238.45,239.750248185655500627,791746,4210,189821300.00,80166,10.13,4.00,-1.05
7-December-2017,232.05,240.15,231.40,239.40,236.485519111180070965,979636,5288,231669728.00,149664,15.28,8.75,7.35
6-December-2017,229.80,234.50,228.15,231.45,231.646839490028396217,637761,3557,147735320.00,84596,13.26,6.35,1.65
5-December-2017,229.00,231.95,227.65,230.30,230.168047859856275254,661264,3185,152201844.00,51908,7.85,4.30,1.30
4-December-2017,228.50,232.70,224.00,228.70,228.803247724974721941,989000,5806,226286412.00,101857,10.30,8.70,0.20
1-December-2017,235.20,237.30,221.10,226.40,231.079249898374708495,841326,4297,194412981.00,175909,20.91,16.20,-8.80
30-November-2017,228.00,234.50,227.50,233.10,231.550009737721024466,688046,4391,159317058.00,127562,18.54,7.00,5.10
29-November-2017,231.50,231.75,226.70,229.30,229.177887095963029674,536863,2667,123037128.00,62880,11.71,5.05,-2.20
28-November-2017,232.05,233.85,228.10,230.20,230.702760925325370821,1073698,3095,247705093.00,633384,58.99,5.75,-1.85
27-November-2017,229.90,234.50,226.95,233.60,231.811941053085493843,1076019,5511,249434053.00,194797,18.10,7.55,3.70
24-November-2017,224.00,229.95,221.60,228.70,225.806072874941052647,905469,4087,204460399.00,138116,15.25,8.35,4.70
23-November-2017,220.00,224.65,218.60,222.80,221.444383289310110765,786706,3744,174211625.00,62871,7.99,6.05,2.80
22-November-2017,222.05,225.00,218.60,219.90,221.820336088857680891,626620,3074,138997059.00,58086,9.27,6.40,-2.15
21-November-2017,227.05,228.10,220.20,222.60,224.665526341749166677,821111,4001,184475335.00,77672,9.46,7.90,-4.45
20-November-2017,223.45,229.80,222.85,227.75,226.291020021155825611,1404814,8267,317896793.00,234164,16.67,6.95,4.30
17-November-2017,212.00,225.95,211.20,223.90,221.145281586391620298,2235211,12233,494306366.00,321831,14.40,14.75,11.90
16-November-2017,204.05,210.00,201.55,208.90,206.476027105401962884,868314,4017,179286025.00,208450,24.01,8.45,4.85
15-November-2017,205.35,209.35,200.45,203.55,205.522962182381768909,649089,3498,133402694.00,45799,7.06,8.90,-1.80
14-November-2017,203.00,207.70,201.15,205.95,205.098998464181591003,921984,3807,189097995.00,232276,25.19,6.55,2.95
13-November-2017,195.00,207.55,194.20,202.35,199.448195192079919622,2448460,9916,488340928.00,409625,16.73,13.35,7.35
10-November-2017,210.00,211.75,205.20,207.90,208.624150932648963556,632017,3888,131854010.00,119832,18.96,6.55,-2.10
9-November-2017,215.00,217.30,209.30,211.85,212.237044557792054443,580123,3053,123123591.00,138845,23.93,8.00,-3.15
8-November-2017,208.00,214.95,208.00,213.50,212.364072992100692197,656893,4465,139500473.00,130386,19.85,6.95,5.50
7-November-2017,215.90,216.95,207.20,208.35,210.857815924643209690,597690,3167,126027608.00,128619,21.52,9.75,-7.55
6-November-2017,217.40,217.80,213.20,215.40,215.722083907984214265,837465,4436,180659695.00,110417,13.18,4.60,-2.00
3-November-2017,209.00,216.00,209.00,213.45,213.619820576090730990,1848806,6168,394941606.00,913218,49.40,7.00,4.45
2-November-2017,209.50,209.60,204.80,208.00,207.283851916376306620,574000,3597,118980931.00,95744,16.68,4.80,-1.50
1-November-2017,203.90,211.95,201.25,208.55,208.483815018277471169,2829166,13383,589835321.00,925262,32.70,10.70,4.65
31-October-2017,188.90,202.30,186.40,201.15,196.020328174189434046,1975780,10467,387293044.00,319034,16.15,15.90,12.25
30-October-2017,185.00,189.35,183.85,187.75,186.704161885142017042,867924,4380,162045023.00,129717,14.95,5.50,2.75
27-October-2017,183.55,187.40,182.25,184.35,185.802638074087097307,2070374,4785,384680951.00,1271575,61.42,5.15,0.80
26-October-2017,181.85,184.40,180.30,182.20,182.545014888387058094,700546,3022,127881180.00,140366,20.04,4.10,0.35
25-October-2017,181.00,183.00,177.00,181.85,180.557019511101143754,570752,2575,103053280.00,94374,16.54,6.00,0.85
24-October-2017,180.00,182.20,177.80,178.50,179.851368204827232044,504347,2474,90707498.00,63651,12.62,4.40,-1.50
23-October-2017,175.00,180.20,174.50,179.10,177.742339859560897829,521792,2985,92744531.00,72316,13.86,5.70,4.10
19-October-2017,179.00,179.00,174.05,175.60,176.723908077745352268,123017,793,21740045.00,37984,30.88,4.95,-3.40
18-October-2017,180.00,181.20,177.00,178.20,179.403655510160978410,606044,3452,108726509.00,82525,13.62,4.20,-1.80
17-October-2017,172.30,179.50,172.30,178.85,176.658747243432038649,1255184,5482,221739233.00,199889,15.93,7.20,6.55
16-October-2017,172.95,174.65,171.00,172.95,172.911963378195469520,313256,1699,54165710.00,42047,13.42,3.65,0.00
13-October-2017,173.75,175.25,171.95,172.95,173.307117633904193298,384566,2162,66648025.00,58812,15.29,3.30,-0.80
12-October-2017,171.00,173.50,169.45,172.75,171.675275530356119003,392425,2359,67369670.00,34903,8.89,4.05,1.75
11-October-2017,172.40,175.75,169.00,170.40,172.799155638753902559,631957,3274,109201636.00,81703,12.93,6.75,-2.00
10-October-2017,173.00,173.50,171.40,172.15,172.370483396008675063,402072,1821,69305345.00,67246,16.72,2.10,-0.85
9-October-2017,171.50,174.75,168.35,173.05,172.037815929880749091,705655,3478,121399345.00,78386,11.11,6.40,1.55
6-October-2017,170.00,174.25,170.00,171.45,172.476203857213776566,427044,2770,73654928.00,78210,18.31,4.25,1.45
5-October-2017,166.60,171.70,166.10,170.90,169.388564676218067126,910582,4072,154242178.00,125152,13.74,5.60,4.30
4-October-2017,168.05,168.80,166.00,166.60,167.460798007505511333,475384,2207,79608184.00,65469,13.77,2.80,-1.45
3-October-2017,167.90,171.00,166.05,167.60,168.594561986328745884,1075834,4655,181379762.00,107278,9.97,4.95,-0.30
29-September-2017,163.05,168.90,163.00,164.00,166.102647266819843282,704198,3808,116969152.00,99331,14.11,5.90,0.95
28-September-2017,160.80,163.45,158.40,161.95,161.202132859057081834,1156007,5287,186350794.00,92273,7.98,5.05,1.15
27-September-2017,170.10,171.80,159.15,160.30,165.931881330618562294,1050549,5287,174319572.00,173723,16.54,12.65,-9.80
26-September-2017,168.30,172.00,166.45,169.60,169.291853368917190049,1135721,5023,192268313.00,87555,7.71,5.55,1.30
25-September-2017,173.50,174.10,164.35,166.95,168.458190872761443878,1406822,7097,236990689.00,292912,20.82,9.75,-6.55
22-September-2017,181.90,182.80,172.00,173.50,177.382724724557085722,1158407,5639,205481390.00,199275,17.20,10.80,-8.40
21-September-2017,190.00,190.85,183.40,184.95,186.061994526653483289,653348,3172,121563232.00,89791,13.74,7.45,-5.05
20-September-2017,192.20,192.20,188.90,190.00,190.612903839085412996,315596,1877,60156670.00,57973,18.37,3.30,-2.20
19-September-2017,194.10,196.00,189.65,190.95,192.953808187083172271,592421,3125,114309888.00,96804,16.34,6.35,-3.15
18-September-2017,192.00,195.30,192.00,194.00,194.082207831277609766,252628,1570,49030600.00,46240,18.30,3.30,2.00
15-September-2017,192.00,193.40,190.55,191.90,191.819608132283489011,515378,2665,98859606.00,145798,28.29,2.85,-0.10
14-September-2017,193.90,195.95,191.60,193.60,193.693007412478932183,648501,2574,125610109.00,112747,17.39,4.35,-0.30
13-September-2017,196.80,197.60,192.10,192.90,194.901694681120483698,564649,2823,110051047.00,79616,14.10,5.50,-3.90
12-September-2017,192.55,198.40,192.55,196.50,196.664116628349716092,828615,4534,162958837.00,154044,18.59,5.85,3.95
11-September-2017,190.50,194.30,190.50,192.90,193.269047026693092334,357733,1797,69138716.00,55814,15.60,3.80,2.40
8-September-2017,194.00,194.50,188.85,191.75,191.711743099153392983,465269,2413,89197531.00,73783,15.86,5.65,-2.25
7-September-2017,194.00,195.65,192.35,193.20,194.157346098355643458,523305,3436,101603510.00,103090,19.70,3.30,-0.80
6-September-2017,187.15,194.20,187.15,192.45,191.593200991487918418,975907,4799,186977146.00,108452,11.11,7.05,5.30
5-September-2017,189.00,191.80,187.30,191.15,190.285402638739501181,593162,3248,112870070.00,58921,9.93,4.50,2.15
4-September-2017,190.50,191.40,182.65,188.05,187.395085090833159323,996112,5558,186666493.00,121903,12.24,8.75,-2.45
1-September-2017,185.50,193.90,184.50,192.00,191.043792302458540753,1718133,9296,328238644.00,296043,17.23,9.40,6.50
31-August-2017,182.00,186.50,179.80,185.05,182.975336327959198033,881134,5529,161225790.00,127382,14.46,6.70,3.05
30-August-2017,183.70,186.00,181.90,182.90,183.424058351999264048,717439,4338,131595573.00,110366,15.38,4.10,-0.80
29-August-2017,179.40,185.50,176.40,182.00,181.906934085939416131,1736898,10385,315953790.00,154491,8.89,9.10,2.60
28-August-2017,190.35,192.45,177.40,179.75,183.301806277971358426,2551047,14890,467611523.00,397472,15.58,15.05,-10.60
24-August-2017,185.90,188.95,184.30,186.55,186.579657997899858277,953269,5880,177860604.00,77358,8.12,4.65,0.65
23-August-2017,182.00,189.00,179.20,186.00,185.190397099065850431,2017557,12099,373632182.00,129036,6.40,9.80,4.00
22-August-2017,181.50,183.95,169.20,175.30,175.192848255397654974,1559983,8659,273297865.00,151116,9.69,14.75,-6.20
21-August-2017,183.00,184.90,179.35,180.55,181.733698023734713162,983117,4981,178665488.00,96640,9.83,5.55,-2.45
18-August-2017,182.50,185.15,178.60,183.45,182.232412305944159140,1084224,5863,197580755.00,51871,4.78,6.55,0.95
17-August-2017,181.00,189.30,179.85,185.15,185.239256468182039191,1912709,11198,354308793.00,120684,6.31,9.45,4.15
16-August-2017,181.75,183.10,174.35,180.65,177.956468709347150061,1256062,8002,223524358.00,90730,7.22,8.75,-1.10
14-August-2017,160.00,184.20,160.00,181.05,174.500385068951409111,2908570,17834,507546585.00,291104,10.01,24.20,21.05
11-August-2017,162.70,165.90,153.10,155.40,159.984285464038075316,1547039,8528,247501929.00,208764,13.49,12.80,-7.30
10-August-2017,177.45,180.00,156.20,164.35,167.543976753318149689,1591625,8853,266667182.00,257632,16.19,23.80,-13.10
9-August-2017,176.00,182.80,172.65,178.65,178.675855479573591035,1465260,7201,261806584.00,151938,10.37,10.15,2.65
8-August-2017,192.00,192.70,176.75,178.50,183.672581971951964849,1513475,7268,277983861.00,151444,10.01,15.95,-13.50
7-August-2017,191.40,193.35,190.15,191.45,191.797800354008407699,542360,2424,104023455.00,78158,14.41,3.20,0.05
4-August-2017,189.25,191.60,187.70,189.95,189.620335394356311361,686714,3739,130214939.00,49107,7.15,3.90,0.70
3-August-2017,193.00,196.15,189.00,190.20,192.851803313609741470,863771,3848,166579795.00,74984,8.68,7.15,-2.80
2-August-2017,194.00,195.40,191.00,193.05,193.482963378015315431,696030,3052,134669947.00,67959,9.76,4.40,-0.95
1-August-2017,194.60,195.65,192.35,193.50,193.688849166334295773,754679,3720,146172907.00,97186,12.88,3.30,-1.10
31-July-2017,192.30,194.75,190.00,193.40,193.047660388753585894,3046660,4564,588150585.00,2011788,66.03,4.75,1.10
28-July-2017,195.30,195.40,190.30,191.50,192.745385496370930910,569292,3146,109728406.00,67836,11.92,5.10,-3.80
27-July-2017,195.55,198.00,190.25,195.70,193.997214903371197722,918101,4878,178109037.00,126647,13.79,7.75,0.15
26-July-2017,195.30,197.85,195.00,195.55,196.537493344085055471,456361,2673,89692047.00,76956,16.86,2.85,0.25
25-July-2017,194.25,196.30,193.05,194.35,194.561195725852624836,455857,2772,88692083.00,50725,11.13,3.25,0.10
24-July-2017,196.30,198.30,193.00,194.25,195.948577082935844341,534606,4216,104755285.00,101777,19.04,5.30,-2.05
21-July-2017,203.00,204.05,193.80,196.45,197.641146528639795145,1280910,6680,253160521.00,234753,18.33,10.25,-6.55
20-July-2017,202.90,207.05,202.10,203.00,204.672181448919941759,1388027,9556,284090514.00,334790,24.12,4.95,0.10
19-July-2017,200.00,203.50,200.00,202.20,202.164074112440646689,415099,2443,83918105.00,46918,11.30,3.50,2.20
18-July-2017,203.75,205.30,198.90,200.05,202.735510931683531694,572190,3152,116003232.00,70762,12.37,6.40,-3.70
17-July-2017,203.30,205.10,201.40,203.90,203.441650477521778293,502909,2736,102312637.00,71489,14.22,3.70,0.60
14-July-2017,199.90,203.45,199.20,201.35,201.555520812346375468,620425,3061,125050084.00,74130,11.95,4.25,1.45
13-July-2017,202.00,202.80,199.00,200.20,200.699153844875714475,481472,2313,96631023.00,47798,9.93,3.80,-1.80
12-July-2017,199.20,201.70,198.50,200.65,200.140991644854899361,524946,2885,105063213.00,47952,9.13,3.20,1.45
11-July-2017,203.30,204.60,198.10,198.90,201.698662369657447887,912883,4477,184127280.00,131101,14.36,6.50,-4.40
10-July-2017,202.00,206.35,202.00,203.35,204.325191422828400236,1455678,7453,297431686.00,301085,20.68,4.35,1.35
7-July-2017,198.90,204.00,198.90,202.70,202.420980999865247271,667890,3875,135194949.00,107035,16.03,5.10,3.80
6-July-2017,197.95,203.80,197.50,201.15,201.289389415236039662,1359369,6645,273626556.00,254604,18.73,6.30,3.20
5-July-2017,195.15,198.00,194.65,197.40,196.599524260196973779,868542,4269,170754944.00,65322,7.52,3.35,2.25
4-July-2017,195.80,196.90,192.80,195.15,194.740633345688516332,1052190,4601,204904147.00,75712,7.20,4.10,-0.65
3-July-2017,191.70,195.20,190.30,194.35,193.343700550441001443,662923,3608,128171986.00,54655,8.24,4.90,2.65
30-June-2017,191.05,192.50,188.15,190.70,189.944530209499905462,962578,4985,182836426.00,151278,15.72,4.35,-0.35
29-June-2017,192.40,195.15,190.90,194.10,193.475914966458379896,944051,4556,182651131.00,142181,15.06,4.25,1.70
28-June-2017,186.35,192.80,183.90,190.60,188.529766499180829926,1204878,6913,227155368.00,65754,5.46,8.90,4.25
27-June-2017,192.70,193.50,186.00,187.65,188.322262798047452825,1005251,4777,189311143.00,71203,7.08,7.50,-5.05
23-June-2017,196.45,197.90,186.25,192.35,192.063758646773150330,1824380,9049,350397280.00,118804,6.51,11.65,-4.10
22-June-2017,199.00,203.60,190.85,195.65,199.180660405201497571,1744959,9722,347562086.00,158916,9.11,12.75,-3.35
21-June-2017,194.30,198.70,193.65,197.15,196.062387745584560010,836270,4744,163961093.00,138039,16.51,5.05,2.85
20-June-2017,192.65,196.25,189.85,194.60,192.574374860459924090,716640,4123,138006500.00,107120,14.95,6.40,1.95
19-June-2017,193.90,195.45,190.60,192.30,192.933572603696589248,870424,5115,167934012.00,124451,14.30,4.85,-1.60
16-June-2017,193.70,198.30,191.50,193.25,195.025963495228940328,1715447,10578,334556704.00,170279,9.93,6.80,-0.45
15-June-2017,188.25,193.00,188.25,192.10,191.255790667876088024,1539028,7893,294348017.00,131993,8.58,4.75,3.85
14-June-2017,184.90,189.65,183.25,187.55,185.589297596950032771,799484,4871,148375674.00,127084,15.90,6.40,2.65
13-June-2017,184.70,187.55,184.15,185.05,185.672610360010423382,817393,4190,151767492.00,201358,24.63,3.40,0.35
12-June-2017,182.60,188.20,182.15,183.85,185.089161853712872048,1624955,8526,300761559.00,325766,20.05,6.05,1.25
9-June-2017,174.10,185.45,174.10,184.60,181.042058969032662739,1524122,9586,275930185.00,202737,13.30,11.35,10.50
8-June-2017,174.05,179.40,171.60,176.05,176.451036916634477704,1157229,6850,204194257.00,150007,12.96,7.80,2.00
7-June-2017,175.35,179.60,173.05,174.60,175.865334606035041333,919828,5847,161765859.00,67298,7.32,6.55,-0.75
6-June-2017,178.10,178.35,171.90,175.35,175.128310574571301992,814851,4618,142703479.00,118171,14.50,6.45,-2.75
5-June-2017,175.00,179.25,174.80,177.20,177.489392243651303675,692465,4012,122905192.00,93627,13.52,4.45,2.20
2-June-2017,177.90,178.40,174.40,175.85,176.394278765964181793,657096,3535,115907975.00,63389,9.65,4.00,-2.05
1-June-2017,179.05,181.50,175.90,176.80,177.985190327848802492,833982,4392,148436445.00,97798,11.73,5.60,-2.25
31-May-2017,179.00,183.65,177.10,179.65,180.648094179805434417,1335488,7007,241253362.00,170865,12.79,6.55,0.65
30-May-2017,175.00,180.85,170.55,180.15,176.348073093354075968,1718843,9550,303114651.00,102233,5.95,10.30,5.15
29-May-2017,188.90,192.50,175.15,176.10,181.239655488028117448,2185120,11151,396030396.00,239017,10.94,17.35,-12.80
26-May-2017,195.10,197.25,192.60,194.40,194.620497997711310381,794341,4843,154595041.00,112789,14.20,4.65,-0.70
25-May-2017,191.65,196.00,188.20,194.60,192.140161196685591067,795798,4552,152904756.00,71353,8.97,7.80,2.95
24-May-2017,197.80,199.40,186.75,190.25,191.795792037025084901,1378957,6917,264478150.00,115398,8.37,12.65,-7.55
23-May-2017,205.00,206.40,192.55,197.65,199.085596495088361269,1327052,7584,264196939.00,177403,13.37,13.85,-7.35
22-May-2017,208.25,211.40,204.25,205.20,207.981740383214534309,741308,3654,154178528.00,69974,9.44,7.15,-3.05
19-May-2017,208.00,212.50,200.80,207.45,207.511182763052275648,961748,5517,199573465.00,60732,6.31,11.70,-0.55
18-May-2017,213.45,213.85,206.60,207.70,210.506447030229725373,701098,4033,147585649.00,127461,18.18,7.25,-5.75
17-May-2017,212.00,215.80,210.35,214.40,213.590333496017262002,1104391,5967,235887242.00,122833,11.12,5.45,2.40
16-May-2017,210.00,213.35,208.40,212.25,211.259930253658242925,1162785,6668,245649878.00,87858,7.56,4.95,2.25
15-May-2017,209.10,211.75,207.35,210.00,210.105986580258722294,1395705,6875,293245976.00,173374,12.42,4.40,0.90
12-May-2017,202.90,209.40,197.20,207.95,203.952917182905166365,1607784,9322,327912237.00,168299,10.47,12.20,5.05
11-May-2017,200.40,206.30,199.10,202.85,203.840131701042473266,1562630,8430,318526705.00,170659,10.92,7.20,2.45
10-May-2017,200.40,201.30,196.30,199.40,198.991428237447646713,804152,4166,160019355.00,73507,9.14,5.00,-1.00
9-May-2017,198.70,203.35,198.15,199.25,200.562249866779368258,1360525,8110,272869955.00,188869,13.88,5.20,0.55
8-May-2017,186.20,198.45,183.20,196.85,193.450760665832103168,1898797,11030,367323724.00,186689,9.83,15.25,10.65
5-May-2017,187.00,188.75,182.50,185.70,185.373724790521861282,911909,4274,169043968.00,83900,9.20,6.25,-1.30
4-May-2017,190.45,191.35,183.95,186.70,186.604190910066272169,848169,4163,158271890.00,74938,8.84,7.40,-3.75
3-May-2017,190.00,193.45,187.20,190.45,191.095222278319559960,903192,6139,172595676.00,85534,9.47,6.25,0.45
2-May-2017,187.00,192.00,186.15,189.35,188.896848727883054688,1193994,6188,225541704.00,67552,5.66,5.85,2.35
28-April-2017,189.00,190.30,184.80,186.00,186.983097785317173005,765166,4572,143073109.00,62000,8.10,5.50,-3.00
27-April-2017,188.00,191.30,184.80,189.60,188.572373791316566425,984956,6730,185735491.00,64564,6.56,6.50,1.60
26-April-2017,195.00,196.60,180.15,187.45,189.259926196097145816,1818874,9609,344239959.00,185785,10.21,16.45,-7.55
25-April-2017,192.70,197.40,192.10,194.25,194.915952276811241325,1815302,10959,353831318.00,178050,9.81,5.30,1.55
24-April-2017,183.90,194.45,183.10,190.00,190.115509262277707306,3297623,16313,626929276.00,245356,7.44,11.35,6.10
21-April-2017,172.20,187.90,171.35,182.70,181.872129378712591209,5064017,29148,921003555.00,578801,11.43,16.55,10.50
20-April-2017,170.00,173.25,169.10,172.00,171.394408702260311852,1005348,4820,172311026.00,281553,28.01,4.15,2.00
19-April-2017,163.30,170.30,162.00,169.50,167.031620068365833791,1149112,6029,191938039.00,237001,20.62,8.30,6.20
18-April-2017,173.25,175.55,164.00,165.15,170.817564576284600621,1617312,8684,276265297.00,178584,11.04,11.55,-8.10
17-April-2017,159.50,173.60,158.00,172.60,167.952566440233159349,2809066,15637,471789844.00,345027,12.28,15.60,13.10
13-April-2017,160.00,161.75,158.60,159.70,159.973576405245939186,768442,3319,122930415.00,95000,12.36,3.15,-0.30
12-April-2017,159.25,162.15,156.00,159.95,159.386654102863495502,1198151,5703,190969279.00,88688,7.40,6.15,0.70
11-April-2017,154.90,160.70,154.90,159.35,158.999159922783321700,795165,5351,126430567.00,186364,23.44,5.80,4.45
10-April-2017,154.90,157.50,153.25,156.75,155.988901113799432671,767104,3938,119659710.00,133024,17.34,4.25,1.85
7-April-2017,157.00,159.30,153.00,154.00,156.772045829635511544,1027632,5514,161103971.00,215994,21.02,6.30,-3.00
6-April-2017,149.50,158.80,148.80,156.40,154.482202825822540792,2222291,10363,343304409.00,363281,16.35,10.00,6.90
5-April-2017,146.80,150.60,146.80,149.70,149.116837814859886308,719844,3358,107340861.00,175602,24.39,3.80,2.90
3-April-2017,149.00,149.10,146.15,146.80,147.482492736860947030,581016,2332,85689688.00,139547,24.02,2.95,-2.20
